-- File: insert-data.sql
INSERT INTO MEMBER_TYPE VALUES
        ('student', 5); 
INSERT INTO MEMBER_TYPE VALUES
        ('staff', 10); 


INSERT INTO MEMBER VALUES (20159029, 'Emily', 'Johnson', 'e.johnson@abc.ac.uk', 'student', 'active');
INSERT INTO MEMBER VALUES (20159030, 'Daniel', 'Rodriguez', 'd.rodriguez@abc.ac.uk', 'student', 'active');
INSERT INTO MEMBER VALUES (20159031, 'Sophia', 'Patel', 's.patel@abc.ac.uk', 'student', 'suspended');
INSERT INTO MEMBER VALUES (20159032, 'Liam', 'Nguyen', 'l.nguyen@abc.ac.uk', 'student', 'active');
INSERT INTO MEMBER VALUES (20159033, 'Olivia', 'Garcia', '0.garcia@abc.ac.uk', 'staff', 'active');
INSERT INTO MEMBER VALUES (20159034, 'William', 'Chang', 'w.chang@abc.ac.uk', 'staff', 'active');
INSERT INTO MEMBER VALUES (20159035, 'Ava', 'Khan', 'a.khan@abc.ac.uk', 'staff', 'active');
INSERT INTO MEMBER VALUES (20159036, 'Noah', 'Smith', 'n.smith@abc.ac.uk', 'student', 'active');
INSERT INTO MEMBER VALUES (20159037, 'Isabella', 'Lopez', 'i.lopez@abc.ac.uk', 'staff', 'active');
INSERT INTO MEMBER VALUES (20159038, 'Ethan', 'Brown', 'e.brown@abc.ac.uk', 'staff', 'active');
INSERT INTO MEMBER VALUES (20159039, 'Mia', 'Kim', 'm.kim@abc.ac.uk', 'staff', 'active');
INSERT INTO MEMBER VALUES (20159040, 'Alexander', 'Wright', 'a.wright@abc.ac.uk', 'student', 'active');
INSERT INTO MEMBER VALUES (20159041, 'Charlotte', 'Martinez', 'c.martinez@abc.ac.uk', 'student', 'active');
INSERT INTO MEMBER VALUES (20159042, 'James', 'Lee', 'j.lee@abc.ac.uk', 'student', 'suspended');
INSERT INTO MEMBER VALUES (20159043, 'Harper', 'Thompson', 'h.thompson@abc.ac.uk', 'staff', 'active');
INSERT INTO MEMBER VALUES (20159044, 'Benjamin', 'Davis', 'b.davis@abc.ac.uk', 'student', 'active');
INSERT INTO MEMBER VALUES (20159045, 'Amelia', 'Wilson', 'a.wilson@abc.ac.uk', 'student', 'active');
INSERT INTO MEMBER VALUES (20159046, 'Michael', 'Hernandez', 'm.hernandez@abc.ac.uk', 'student', 'active');
INSERT INTO MEMBER VALUES (20159047, 'Evelyn', 'Clark', 'e.clark@abc.ac.uk', 'staff', 'active');
INSERT INTO MEMBER VALUES (20159048, 'Jacob', 'Adams', 'j.adams@abc.ac.uk', 'student', 'active');


INSERT INTO CLASS VALUES (101, 'Law');
INSERT INTO CLASS VALUES (102, 'Engineering');
INSERT INTO CLASS VALUES (103, 'Economics');
INSERT INTO CLASS VALUES (104, 'Political Science');
INSERT INTO CLASS VALUES (105, 'Medicine');
INSERT INTO CLASS VALUES (301, 'French');
INSERT INTO CLASS VALUES (302, 'Drama');
INSERT INTO CLASS VALUES (401, 'Music');
INSERT INTO CLASS VALUES (403, 'Dance');
INSERT INTO CLASS VALUES (999, 'Uncategolised');


INSERT INTO RESOURCE_T VALUES (10001, 'Law book culture in the Middle Ages', 1, 'HK934', '978-0-86971-088-3', 101, 14, 'book');
INSERT INTO RESOURCE_T VALUES (10002, 'Parent law, green technology and innovation', 1, 'LK938', '978-1-53910-227-8', 101, 14, 'book');
INSERT INTO RESOURCE_T VALUES (10003, 'Artificial intelligence, design law and fashion', 1, 'JF233', '978-0-48731-847-2', 101, 14, 'book');
INSERT INTO RESOURCE_T VALUES (10004, 'Data at the boundaries of European law', 1, 'IJ453', '978-1-49351-760-5', 101, 14, 'book');
INSERT INTO RESOURCE_T VALUES (10005, 'Intellectual property law in south east Asia', 1, 'JK05', '978-0-68814-953-4', 101, 0, 'book');
INSERT INTO RESOURCE_T VALUES (10006, 'Law: a personal view', 1, 'LD098', '978-0-30727-409-8', 101, 0, 'book');
INSERT INTO RESOURCE_T VALUES (10007, 'Energy conversion engineering', 1, 'AB234', '978-1-41693-451-7', 102, 14, 'book');
INSERT INTO RESOURCE_T VALUES (10008, 'Mechanical engineering principles', 1, 'TS980', '978-1-69260-115-3', 102, 14, 'book');
INSERT INTO RESOURCE_T VALUES (10009, 'Engineering Mathematics', 1, 'AM990', '978-0-96518-500-8', 102, 14, 'book');
INSERT INTO RESOURCE_T VALUES (10010, 'Cloud computing for science and engineering', 1, 'WE209', '978-1-55668-294-4', 102, 14, 'book');
INSERT INTO RESOURCE_T VALUES (10011, 'Principles of marketing engineering and analytics', 1, 'LP234', '978-0-31642-077-5', 102, 2, 'book');
INSERT INTO RESOURCE_T VALUES (10012, 'Renewable energy engineering', 1, 'PO579', '978-1-79230-187-0', 102, 0, 'book');
INSERT INTO RESOURCE_T VALUES (10013, 'System engineering management', 1, 'XP782', '978-0-74323-536-5', 102, 0, 'book');
INSERT INTO RESOURCE_T VALUES (10014, 'Statistics for business and economics', 2, 'MX743', '978-0-32502-634-2', 103, 0, 'book');
INSERT INTO RESOURCE_T VALUES (10015, 'The economics of intellectual property and openness: the tradegy of intangible abundance', 2, 'PV907', '978-1-88880-396-0', 103, 2, 'book');
INSERT INTO RESOURCE_T VALUES (10016, 'Economics', 2, 'ER890', '978-0-60926-212-3', 103, 14, 'book');
INSERT INTO RESOURCE_T VALUES (10017, 'Economics: a mathematical introduction', 2, 'LA098', '978-0-44669-551-8', 103, 14, 'book');
INSERT INTO RESOURCE_T VALUES (10018, 'Economics: principles of income, prices, and growth', 2, 'BN206', '978-0-39959-500-6', 103, 14, 'book');
INSERT INTO RESOURCE_T VALUES (10019, 'Economics for business', 2, 'ZL864', '978-1-84872-849-5', 103, 2, 'book');
INSERT INTO RESOURCE_T VALUES (10020, 'Modern political science: Anglo-American exchange since 1880', 2, 'WN870', '978-1-28477-033-3', 104, 2, 'book');
INSERT INTO RESOURCE_T VALUES (10021, 'Genetics and genomics in medicine', 3, 'LL959', '978-0-42517-185-0', 105, 14, 'book');
INSERT INTO RESOURCE_T VALUES (10022, 'Political science: state of the discipline', 2, 'ZP281', '978-0-37570-555-5', 104, 14, 'book');
INSERT INTO RESOURCE_T VALUES (10023, 'Theory and methods in political science', 2, 'IU669', '978-0-80385-229-9', 104, 14, 'book');
INSERT INTO RESOURCE_T VALUES (10024, 'Research design in political science', 2, 'PW899', '978-0-52190-819-7', 104, 14, 'book');
INSERT INTO RESOURCE_T VALUES (10025, 'The Oxford handbook of political science', 2, 'RN879', '978-0-22420-276-3', 104, 2, 'book');
INSERT INTO RESOURCE_T VALUES (10026, 'Biomedical engineering of pancreatic, pulmonary, and renal systems and applications to medicine', 3, 'ZZ568', '978-0-76536-480-1', 105, 14, 'book');
INSERT INTO RESOURCE_T VALUES (10027, 'Psychology for medicine and healthcare', 3, 'TT352', '978-1-94669-294-8', 105, 14, 'book');
INSERT INTO RESOURCE_T VALUES (10028, 'Reimagining social medicine from the South', 3, 'QW966', '978-0-81296-285-8', 105, 2, 'book');
INSERT INTO RESOURCE_T VALUES (10029, 'Return to Dust', 1, 'MD020', '978-0-68984-288-1', 301, 2, 'dvd');
INSERT INTO RESOURCE_T VALUES (10030, 'Blue Island', 1, 'MD020', '978-0-14045-924-5', 302, 2, 'dvd');
INSERT INTO RESOURCE_T VALUES (10031, 'Les Miserables', 1, 'MD025', '978-0-55387-978-2', 301, 14, 'dvd');
INSERT INTO RESOURCE_T VALUES (10032, 'Over the years', 1, 'MD026', '978-0-74323-747-5', 302, 14, 'dvd');
INSERT INTO RESOURCE_T VALUES (10033, 'Dark Side of the Moon', 1, 'MD003', '978-1-59084-557-4', 401, 2, 'cd');
INSERT INTO RESOURCE_T VALUES (10034, 'Abbey Road', 1, 'MD003', '978-1-25005-091-0', 401, 2, 'cd');
INSERT INTO RESOURCE_T VALUES (10035, 'Kind of Blue', 1, 'MD006', '978-0-42521-256-0', 401, 14, 'cd');
INSERT INTO RESOURCE_T VALUES (10036, 'Back in Black', 1, 'MD006', '978-0-39953-392-5', 401, 14, 'cd');
INSERT INTO RESOURCE_T VALUES (10037, 'Evolution of Dance', 1, 'MD155', NULL, 403, 0, 'video');
INSERT INTO RESOURCE_T VALUES (10038, 'Thriller', 1, 'MD155', NULL, 403, 0, 'video');
INSERT INTO RESOURCE_T VALUES (10039, 'Gangnam Style', 1, 'MD155', NULL, 403, 2, 'video');
INSERT INTO RESOURCE_T VALUES (10040, 'Baby Shark Dance', 1, 'MD155', NULL, 403, 2, 'video');


INSERT INTO COPY VALUES (10001, 1, DEFAULT);
INSERT INTO COPY VALUES (10001, 2, DEFAULT);
INSERT INTO COPY VALUES (10001, 3, DEFAULT);
INSERT INTO COPY VALUES (10001, 4, DEFAULT);
INSERT INTO COPY VALUES (10002, 1, DEFAULT);
INSERT INTO COPY VALUES (10002, 2, DEFAULT);
INSERT INTO COPY VALUES (10002, 3, DEFAULT);
INSERT INTO COPY VALUES (10002, 4, DEFAULT);
INSERT INTO COPY VALUES (10003, 1, DEFAULT);
INSERT INTO COPY VALUES (10004, 1, DEFAULT);
INSERT INTO COPY VALUES (10004, 2, DEFAULT);
INSERT INTO COPY VALUES (10004, 3, DEFAULT);
INSERT INTO COPY VALUES (10005, 1, DEFAULT);
INSERT INTO COPY VALUES (10005, 2, DEFAULT);
INSERT INTO COPY VALUES (10005, 3, DEFAULT);
INSERT INTO COPY VALUES (10005, 4, DEFAULT);
INSERT INTO COPY VALUES (10005, 5, DEFAULT);
INSERT INTO COPY VALUES (10006, 1, DEFAULT);
INSERT INTO COPY VALUES (10007, 1, DEFAULT);
INSERT INTO COPY VALUES (10007, 2, DEFAULT);
INSERT INTO COPY VALUES (10007, 3, DEFAULT);
INSERT INTO COPY VALUES (10007, 4, DEFAULT);
INSERT INTO COPY VALUES (10008, 1, DEFAULT);
INSERT INTO COPY VALUES (10009, 1, DEFAULT);
INSERT INTO COPY VALUES (10009, 2, DEFAULT);
INSERT INTO COPY VALUES (10009, 3, DEFAULT);
INSERT INTO COPY VALUES (10010, 1, DEFAULT);
INSERT INTO COPY VALUES (10011, 1, DEFAULT);
INSERT INTO COPY VALUES (10011, 2, DEFAULT);
INSERT INTO COPY VALUES (10012, 1, DEFAULT);
INSERT INTO COPY VALUES (10012, 2, DEFAULT);
INSERT INTO COPY VALUES (10012, 3, DEFAULT);
INSERT INTO COPY VALUES (10013, 1, DEFAULT);
INSERT INTO COPY VALUES (10014, 1, DEFAULT);
INSERT INTO COPY VALUES (10015, 1, DEFAULT);
INSERT INTO COPY VALUES (10015, 2, DEFAULT);
INSERT INTO COPY VALUES (10015, 3, DEFAULT);
INSERT INTO COPY VALUES (10016, 1, DEFAULT);
INSERT INTO COPY VALUES (10016, 2, DEFAULT);
INSERT INTO COPY VALUES (10017, 1, DEFAULT);
INSERT INTO COPY VALUES (10018, 1, DEFAULT);
INSERT INTO COPY VALUES (10018, 2, DEFAULT);
INSERT INTO COPY VALUES (10018, 3, DEFAULT);
INSERT INTO COPY VALUES (10019, 1, DEFAULT);
INSERT INTO COPY VALUES (10019, 2, DEFAULT);
INSERT INTO COPY VALUES (10019, 3, DEFAULT);
INSERT INTO COPY VALUES (10019, 4, DEFAULT);
INSERT INTO COPY VALUES (10019, 5, DEFAULT);
INSERT INTO COPY VALUES (10020, 1, DEFAULT);
INSERT INTO COPY VALUES (10020, 2, DEFAULT);
INSERT INTO COPY VALUES (10020, 3, DEFAULT);
INSERT INTO COPY VALUES (10021, 1, DEFAULT);
INSERT INTO COPY VALUES (10022, 1, DEFAULT);
INSERT INTO COPY VALUES (10022, 2, DEFAULT);
INSERT INTO COPY VALUES (10023, 1, DEFAULT);
INSERT INTO COPY VALUES (10023, 2, DEFAULT);
INSERT INTO COPY VALUES (10023, 3, DEFAULT);
INSERT INTO COPY VALUES (10024, 1, DEFAULT);
INSERT INTO COPY VALUES (10025, 1, DEFAULT);
INSERT INTO COPY VALUES (10026, 1, DEFAULT);
INSERT INTO COPY VALUES (10026, 2, DEFAULT);
INSERT INTO COPY VALUES (10027, 1, DEFAULT);
INSERT INTO COPY VALUES (10028, 1, DEFAULT);
INSERT INTO COPY VALUES (10028, 2, DEFAULT);
INSERT INTO COPY VALUES (10028, 3, DEFAULT);
INSERT INTO COPY VALUES (10029, 1, DEFAULT);
INSERT INTO COPY VALUES (10030, 1, DEFAULT);
INSERT INTO COPY VALUES (10031, 1, DEFAULT);
INSERT INTO COPY VALUES (10031, 2, DEFAULT);
INSERT INTO COPY VALUES (10031, 3, DEFAULT);
INSERT INTO COPY VALUES (10032, 1, DEFAULT);
INSERT INTO COPY VALUES (10032, 2, DEFAULT);
INSERT INTO COPY VALUES (10032, 3, DEFAULT);
INSERT INTO COPY VALUES (10033, 1, DEFAULT);
INSERT INTO COPY VALUES (10034, 1, DEFAULT);
INSERT INTO COPY VALUES (10035, 1, DEFAULT);
INSERT INTO COPY VALUES (10035, 2, DEFAULT);
INSERT INTO COPY VALUES (10035, 3, DEFAULT);
INSERT INTO COPY VALUES (10036, 1, DEFAULT);
INSERT INTO COPY VALUES (10036, 2, DEFAULT);
INSERT INTO COPY VALUES (10036, 3, DEFAULT);
INSERT INTO COPY VALUES (10037, 1, DEFAULT);
INSERT INTO COPY VALUES (10037, 2, DEFAULT);
INSERT INTO COPY VALUES (10038, 1, DEFAULT);
INSERT INTO COPY VALUES (10038, 2, DEFAULT);
INSERT INTO COPY VALUES (10038, 3, DEFAULT);
INSERT INTO COPY VALUES (10039, 1, DEFAULT);
INSERT INTO COPY VALUES (10039, 2, DEFAULT);
INSERT INTO COPY VALUES (10039, 3, DEFAULT);
INSERT INTO COPY VALUES (10040, 1, DEFAULT);
INSERT INTO COPY VALUES (10040, 2, DEFAULT);


INSERT INTO BOOK_AUTHOR VALUES (10001, 'Thom Gobbitt');
INSERT INTO BOOK_AUTHOR VALUES (10002, '"Ankit Singh');
INSERT INTO BOOK_AUTHOR VALUES (10002, 'Yogendra Kumar Srivastava');
INSERT INTO BOOK_AUTHOR VALUES (10003, 'Hasan Kadir Yilmaztekin');
INSERT INTO BOOK_AUTHOR VALUES (10004, 'Deirde Curtin');
INSERT INTO BOOK_AUTHOR VALUES (10004, 'Mariavittoria Catanzariti');
INSERT INTO BOOK_AUTHOR VALUES (10005, 'Christoph Antons');
INSERT INTO BOOK_AUTHOR VALUES (10005, 'Michael Blakeney');
INSERT INTO BOOK_AUTHOR VALUES (10006, 'Albert A. Ehrenzweig');
INSERT INTO BOOK_AUTHOR VALUES (10007, 'Ahmed Ghoniem');
INSERT INTO BOOK_AUTHOR VALUES (10008, 'John Bird');
INSERT INTO BOOK_AUTHOR VALUES (10008, 'Carl Ross');
INSERT INTO BOOK_AUTHOR VALUES (10009, 'K.A.Stroud');
INSERT INTO BOOK_AUTHOR VALUES (10010, 'Ian Foster');
INSERT INTO BOOK_AUTHOR VALUES (10010, 'Dennis B. Gannon');
INSERT INTO BOOK_AUTHOR VALUES (10011, 'Gary L.Lilien');
INSERT INTO BOOK_AUTHOR VALUES (10012, 'Nicholas Jenkins');
INSERT INTO BOOK_AUTHOR VALUES (10012, 'Janaka Ekanayake');
INSERT INTO BOOK_AUTHOR VALUES (10013, 'Benjamin S. Blanchard');
INSERT INTO BOOK_AUTHOR VALUES (10013, 'John Blyler');
INSERT INTO BOOK_AUTHOR VALUES (10014, 'MCClave');
INSERT INTO BOOK_AUTHOR VALUES (10014, 'James T.');
INSERT INTO BOOK_AUTHOR VALUES (10015, 'Biga');
INSERT INTO BOOK_AUTHOR VALUES (10015, 'Barthlomiej');
INSERT INTO BOOK_AUTHOR VALUES (10016, 'David Begg');
INSERT INTO BOOK_AUTHOR VALUES (10017, 'C.J.McKenna');
INSERT INTO BOOK_AUTHOR VALUES (10017, 'R. Rees');
INSERT INTO BOOK_AUTHOR VALUES (10018, 'R. Murray Havens');
INSERT INTO BOOK_AUTHOR VALUES (10018, 'John S. Henderson');
INSERT INTO BOOK_AUTHOR VALUES (10018, 'Dale L. Cramer');
INSERT INTO BOOK_AUTHOR VALUES (10019, 'Sloman J.');
INSERT INTO BOOK_AUTHOR VALUES (10019, 'Garratt D.');
INSERT INTO BOOK_AUTHOR VALUES (10019, 'Guest J.');
INSERT INTO BOOK_AUTHOR VALUES (10019, 'Jones E.');
INSERT INTO BOOK_AUTHOR VALUES (10020, 'Robert Adcock');
INSERT INTO BOOK_AUTHOR VALUES (10020, 'Mark Bevir');
INSERT INTO BOOK_AUTHOR VALUES (10020, 'Shannon C. Stimson');
INSERT INTO BOOK_AUTHOR VALUES (10021, 'Tom Strachan');
INSERT INTO BOOK_AUTHOR VALUES (10021, 'Anneke Lucassen');
INSERT INTO BOOK_AUTHOR VALUES (10022, 'Helen V. Milner');
INSERT INTO BOOK_AUTHOR VALUES (10023, 'Vivien Lowndes');
INSERT INTO BOOK_AUTHOR VALUES (10023, 'David Marsh');
INSERT INTO BOOK_AUTHOR VALUES (10023, 'Gerry Stoker');
INSERT INTO BOOK_AUTHOR VALUES (10024, 'Dimiter Toshkov');
INSERT INTO BOOK_AUTHOR VALUES (10025, 'Robert E. Goodin');
INSERT INTO BOOK_AUTHOR VALUES (10026, 'Ghista');
INSERT INTO BOOK_AUTHOR VALUES (10026, 'Djanjoo N.');
INSERT INTO BOOK_AUTHOR VALUES (10027, 'Susan Ayers');
INSERT INTO BOOK_AUTHOR VALUES (10027, 'Richard de Visser');
INSERT INTO BOOK_AUTHOR VALUES (10028, 'Abigail H. Neely');


INSERT INTO DVD_DIRECTOR VALUES (10029, '"Li');
INSERT INTO DVD_DIRECTOR VALUES (10030, 'Chan Tze-woon');
INSERT INTO DVD_DIRECTOR VALUES (10031, '"Ly');
INSERT INTO DVD_DIRECTOR VALUES (10032, '"Geyrhalter');


INSERT INTO CD_MUSICIAN VALUES (10033, 'Pink Floyd');
INSERT INTO CD_MUSICIAN VALUES (10034, 'The Beatles');
INSERT INTO CD_MUSICIAN VALUES (10035, 'Miles Davis');
INSERT INTO CD_MUSICIAN VALUES (10036, 'AC/DC');


INSERT INTO VIDEO_CREATOR VALUES (10037, 'Judson Laipply');
INSERT INTO VIDEO_CREATOR VALUES (10038, 'Michael Jackson');
INSERT INTO VIDEO_CREATOR VALUES (10039, 'PSY');
INSERT INTO VIDEO_CREATOR VALUES (10040, 'Pinkfong');


INSERT INTO LOAN VALUES (1, 20159029, 10011, 1, STR_TO_DATE('2023-11-06 12:00:00', '%Y-%m-%d %H:%i:%s'), NULL);
INSERT INTO LOAN VALUES (2, 20159030, 10003, 1, STR_TO_DATE('2023-11-07 12:00:00', '%Y-%m-%d %H:%i:%s'), NULL);
INSERT INTO LOAN VALUES (3, 20159031, 10011, 2, STR_TO_DATE('2023-11-08 12:00:00', '%Y-%m-%d %H:%i:%s'), NULL);
INSERT INTO LOAN VALUES (4, 20159032, 10023, 3, STR_TO_DATE('2023-11-08 12:00:00', '%Y-%m-%d %H:%i:%s'), NULL);
INSERT INTO LOAN VALUES (5, 20159033, 10012, 1, STR_TO_DATE('2023-11-09 12:00:00', '%Y-%m-%d %H:%i:%s'), NULL);
INSERT INTO LOAN VALUES (6, 20159041, 10031, 1, STR_TO_DATE('2023-11-09 12:00:00', '%Y-%m-%d %H:%i:%s'), NULL);
INSERT INTO LOAN VALUES (7, 20159042, 10023, 2, STR_TO_DATE('2023-11-09 12:00:00', '%Y-%m-%d %H:%i:%s'), NULL);
INSERT INTO LOAN VALUES (8, 20159036, 10017, 1, STR_TO_DATE('2023-11-13 12:00:00', '%Y-%m-%d %H:%i:%s'), NULL);
INSERT INTO LOAN VALUES (9, 20159030, 10012, 2, STR_TO_DATE('2023-11-13 12:00:00', '%Y-%m-%d %H:%i:%s'), NULL);
INSERT INTO LOAN VALUES (10, 20159041, 10026, 2, STR_TO_DATE('2023-11-13 12:00:00', '%Y-%m-%d %H:%i:%s'), NULL);
INSERT INTO LOAN VALUES (11, 20159042, 10015, 2, STR_TO_DATE('2023-11-15 12:00:00', '%Y-%m-%d %H:%i:%s'), NULL);
INSERT INTO LOAN VALUES (12, 20159036, 10015, 1, STR_TO_DATE('2023-11-15 12:00:00', '%Y-%m-%d %H:%i:%s'), NULL);
INSERT INTO LOAN VALUES (13, 20159037, 10026, 1, STR_TO_DATE('2023-11-15 12:00:00', '%Y-%m-%d %H:%i:%s'), NULL);
INSERT INTO LOAN VALUES (14, 20159043, 10036, 1, STR_TO_DATE('2023-11-20 12:00:00', '%Y-%m-%d %H:%i:%s'), NULL);
INSERT INTO LOAN VALUES (15, 20159030, 10027, 1, STR_TO_DATE('2023-11-20 12:00:00', '%Y-%m-%d %H:%i:%s'), NULL);
INSERT INTO LOAN VALUES (16, 20159046, 10036, 2, STR_TO_DATE('2023-11-20 12:00:00', '%Y-%m-%d %H:%i:%s'), NULL);
INSERT INTO LOAN VALUES (17, 20159047, 10012, 3, STR_TO_DATE('2023-11-22 12:00:00', '%Y-%m-%d %H:%i:%s'), NULL);
INSERT INTO LOAN VALUES (18, 20159046, 10040, 2, STR_TO_DATE('2023-11-22 12:00:00', '%Y-%m-%d %H:%i:%s'), NULL);
INSERT INTO LOAN VALUES (19, 20159047, 10033, 1, STR_TO_DATE('2023-11-22 12:00:00', '%Y-%m-%d %H:%i:%s'), NULL);
INSERT INTO LOAN VALUES (20, 20159029, 10019, 1, STR_TO_DATE('2023-11-27 12:00:00', '%Y-%m-%d %H:%i:%s'), NULL);


INSERT INTO RESERVATION VALUES (230001, 20159048, 10017, STR_TO_DATE('2023/11/20 12:00:00', '%Y/%m/%d %H:%i:%s'), DEFAULT, DEFAULT);
INSERT INTO RESERVATION VALUES (230002, 20159029, 10003, STR_TO_DATE('2023/11/08 12:00:00', '%Y/%m/%d %H:%i:%s'), DEFAULT, DEFAULT);
INSERT INTO RESERVATION VALUES (230003, 20159037, 10017, STR_TO_DATE('2023/11/25 12:00:00', '%Y/%m/%d %H:%i:%s'), DEFAULT, DEFAULT);
INSERT INTO RESERVATION VALUES (230004, 20159040, 10011, STR_TO_DATE('2023/11/09 12:00:00', '%Y/%m/%d %H:%i:%s'), DEFAULT, DEFAULT);
INSERT INTO RESERVATION VALUES (230005, 20159044, 10003, STR_TO_DATE('2023/11/09 12:00:00', '%Y/%m/%d %H:%i:%s'), DEFAULT, DEFAULT);
INSERT INTO RESERVATION VALUES (230006, 20159045, 10003, STR_TO_DATE('2023/11/10 12:00:00', '%Y/%m/%d %H:%i:%s'), DEFAULT, DEFAULT);
INSERT INTO RESERVATION VALUES (230007, 20159030, 10011, STR_TO_DATE('2023/11/09 12:05:00', '%Y/%m/%d %H:%i:%s'), DEFAULT, DEFAULT);
INSERT INTO RESERVATION VALUES (230008, 20159038, 10011, STR_TO_DATE('2023/11/09 12:07:00', '%Y/%m/%d %H:%i:%s'), DEFAULT, DEFAULT);


UPDATE LOAN SET ReturnDate = STR_TO_DATE('2023-11-13 12:00:00', '%Y-%m-%d %H:%i:%s') WHERE LoanNumber = 1;
UPDATE LOAN SET ReturnDate = STR_TO_DATE('2023-11-18 12:00:00', '%Y-%m-%d %H:%i:%s') WHERE LoanNumber = 2;
UPDATE LOAN SET ReturnDate = STR_TO_DATE('2023-11-22 12:00:00', '%Y-%m-%d %H:%i:%s') WHERE LoanNumber = 3;
UPDATE LOAN SET ReturnDate = STR_TO_DATE('2023-11-22 12:00:00', '%Y-%m-%d %H:%i:%s') WHERE LoanNumber = 4;
UPDATE LOAN SET ReturnDate = STR_TO_DATE('2023-11-09 14:59:00', '%Y-%m-%d %H:%i:%s') WHERE LoanNumber = 5;
UPDATE LOAN SET ReturnDate = STR_TO_DATE('2023-11-22 12:00:00', '%Y-%m-%d %H:%i:%s') WHERE LoanNumber = 6;
UPDATE LOAN SET ReturnDate = STR_TO_DATE('2023-11-27 12:00:00', '%Y-%m-%d %H:%i:%s') WHERE LoanNumber = 7;
UPDATE LOAN SET ReturnDate = STR_TO_DATE('2023-11-13 13:20:00', '%Y-%m-%d %H:%i:%s') WHERE LoanNumber = 9;
UPDATE LOAN SET ReturnDate = STR_TO_DATE('2023-11-27 12:00:00', '%Y-%m-%d %H:%i:%s') WHERE LoanNumber = 11;
UPDATE LOAN SET ReturnDate = STR_TO_DATE('2023-11-17 12:00:00', '%Y-%m-%d %H:%i:%s') WHERE LoanNumber = 12;
UPDATE LOAN SET ReturnDate = STR_TO_DATE('2023-11-22 19:59:00', '%Y-%m-%d %H:%i:%s') WHERE LoanNumber = 17;


INSERT INTO FINE VALUES (30001, 20159029, 10011, 1, 1);
INSERT INTO FINE VALUES (30002, 20159031, 10011, 2, 3);
INSERT INTO FINE VALUES (30003, 20159042, 10023, 2, 7);
INSERT INTO FINE VALUES (30004, 20159042, 10015, 2, 11);
INSERT INTO FINE VALUES (30005, 20159046, 10040, 2, 18);
INSERT INTO FINE VALUES (30006, 20159047, 10033, 1, 19);


INSERT INTO PAYMENT VALUES (20159029, 1, STR_TO_DATE('2023-11-14 12:00:00', '%Y-%m-%d %H:%i:%s'),5);
INSERT INTO PAYMENT VALUES (20159042, 2, STR_TO_DATE('2023-11-28 12:00:00', '%Y-%m-%d %H:%i:%s'),3);


INSERT INTO NOTIFICATION VALUES (101, 20159029, 10003, 230002, STR_TO_DATE('2023-11-18 12:01:00', '%Y-%m-%d %H:%i:%s'));
INSERT INTO NOTIFICATION VALUES (102, 20159040, 10011, 230004, STR_TO_DATE('2023-11-19 12:01:00', '%Y-%m-%d %H:%i:%s'));
INSERT INTO NOTIFICATION VALUES (103, 20159044, 10003, 230005, STR_TO_DATE('2023-11-20 12:01:00', '%Y-%m-%d %H:%i:%s'));
INSERT INTO NOTIFICATION VALUES (104, 20159030, 10011, 230007, STR_TO_DATE('2023-11-21 12:01:00', '%Y-%m-%d %H:%i:%s'));
INSERT INTO NOTIFICATION VALUES (105, 20159045, 10003, 230006, STR_TO_DATE('2023-11-22 12:01:00', '%Y-%m-%d %H:%i:%s'));
INSERT INTO NOTIFICATION VALUES (106, 20159038, 10011, 230008, STR_TO_DATE('2023-11-23 12:01:00', '%Y-%m-%d %H:%i:%s'));
INSERT INTO NOTIFICATION VALUES (107, 20159029, 10003, 230002, STR_TO_DATE('2023-11-24 12:01:00', '%Y-%m-%d %H:%i:%s'));
INSERT INTO NOTIFICATION VALUES (108, 20159040, 10011, 230004, STR_TO_DATE('2023-11-25 12:01:00', '%Y-%m-%d %H:%i:%s'));
INSERT INTO NOTIFICATION VALUES (109, 20159044, 10003, 230005, STR_TO_DATE('2023-11-26 12:01:00', '%Y-%m-%d %H:%i:%s'));
INSERT INTO NOTIFICATION VALUES (110, 20159030, 10011, 230007, STR_TO_DATE('2023-11-27 12:01:00', '%Y-%m-%d %H:%i:%s'));
INSERT INTO NOTIFICATION VALUES (111, 20159048, 10017, 230001, STR_TO_DATE('2023-11-27 19:00:00', '%Y-%m-%d %H:%i:%s'));
INSERT INTO NOTIFICATION VALUES (112, 20159045, 10003, 230006, STR_TO_DATE('2023-11-28 12:01:00', '%Y-%m-%d %H:%i:%s'));
INSERT INTO NOTIFICATION VALUES (113, 20159038, 10011, 230008, STR_TO_DATE('2023-11-29 12:01:00', '%Y-%m-%d %H:%i:%s'));
INSERT INTO NOTIFICATION VALUES (114, 20159037, 10017, 230003, STR_TO_DATE('2023-11-29 19:00:00', '%Y-%m-%d %H:%i:%s'));